Reference, Quantity, Value, Footprint, PartNo, Manufacturer,Notes
AFF1 ,1,OPD-S23010LE,Displays_7-Segment:SBC18-11SURKCGKWA,OPD-S23010LE,American Opto Plus,
C1 C2 C4 C5 C6 ,5,1u,Capacitors_SMD:C_0805_HandSoldering,?,?,50V 0805 1u
J1 ,1,DATA_OUT,Connectors_IDC:IDC-Header_2x05_Pitch2.54mm_Straight,T821110A1S100CEU,Amphenol,Can be replaced with local brand
J2 ,1,DATA_IN,Connectors_IDC:IDC-Header_2x05_Pitch2.54mm_Straight,T821110A1S100CEU,Amphenol,Can be replaced with local brand
MK1 MK2 MK3 MK4 ,4,Mounting_Hole,Mounting_Holes:MountingHole_3.2mm_M3,?,?,DNP
R1 ,1,360,Resistors_SMD:R_0805_HandSoldering,?,?,
R13 R14 ,2,10k,Resistors_SMD:R_0805_HandSoldering,?,?,
R2 R3 R4 R5 R6 R7 R8 ,7,180,Resistors_SMD:R_0805_HandSoldering,?,?,
R10 R11 R12 R9 ,4,100,Resistors_SMD:R_0805_HandSoldering,?,?,
U1 ,1,TPIC6C596PWR,Housings_SOIC:SOIC-16_3.9x9.9mm_Pitch1.27mm,TPIC6C596PWR,Texas Instruments,
U2 ,1,74LS243,Housings_SOIC:SOIC-14_3.9x8.7mm_Pitch1.27mm,74LS243,?,
